id,activity,in_game_type,district,abilities_i_had_to_unlock,where_it_blocked_me,reported_by
1317000,An Ear to the Ground,side mission,,,,
1317001,Birdman's Delivery,side mission,,,,
1317002,Break And Entry,side mission,,,,
1317003,Caught in the Web,side mission,,,,
1317004,Complete Coverage,side mission,,,,
1317005,Drone Works,side mission,,,,
1317006,Exit Strategy,side mission,,,,
1317007,Finger on the Pulse,side mission,,,,
1317008,The Meta Grid,side mission,,,,
1317009,Top of the World,side mission,,,,
1317010,Two Pigeons With One Stone,side mission,,,,
1316000,Dogen's Latest Thing,Covert Delivery,Anchor,,,
1316001,An Impatient Man,Covert Delivery,Anchor,,,
1316004,Von Oben,Fragile Delivery,Anchor,,,
1316005,Bugging WFYO,Diversion,Anchor,,,
1316007,The Spice Must Flow,Fragile Delivery,Anchor,,,
1316008,Patterns,Diversion,Anchor,,,
1316009,A Small Job for Dogen,Diversion,Anchor,,,
1316010,You Know the Drill,Covert Delivery,Anchor,,,
1316011,Don't Get Dogen Angry,Covert Delivery,Anchor,,,
1316014,Contraband Tunes,Fragile Delivery,Rezoning,,,
1316015,Just Add a Slice of Lime,Fragile Delivery,Rezoning,,,
1316016,The Heart of a Fighter,Fragile Delivery,Rezoning,,,
1316017,"Pronto, OK?",Covert Delivery,Rezoning,,,
1316018,The Henchmen Meetup,Diversion,Rezoning,,,
1316019,A Lecture for an Exec,Diversion,Rezoning,,,
1316021,The Vial,Fragile Delivery,Downtown,,,
1316022,Memento,Fragile Delivery,Downtown,,,
1316023,Stay Out of Sight,Covert Delivery,Downtown,,,
1316025,"Run, Just Run",Covert Delivery,Downtown,,,
1316026,The Raposa Datagrab,Diversion,Downtown,,,
1316027,"You Can Run, Can You Hide?",Covert Delivery,Downtown,,,
1316028,Under Surveillance,Diversion,Downtown,,,
1316029,Cameras and Drones,Covert Delivery,Downtown,,,
1316030,Tree of Life,Fragile Delivery,Downtown,,,
1316032,"She Loves Me, She Loves Me Not",Fragile Delivery,Downtown,,,
1316033,A Particular Taste,Fragile Delivery,Downtown,,,
1316034,"Game Over, Runner. Game Over.",Covert Delivery,The View,,,
1316035,The Greylands in No Time,Covert Delivery,The View,,,
1316036,Aurorian Cuisine,Fragile Delivery,The View,,,
1316037,The Lie,Fragile Delivery,The View,,,
1316038,The Associate's Side Deal,Covert Delivery,The View,,,
1316039,Black November Supplies,Diversion,The View,,,
