menu_number,run_name,time_shown,notes
1,THE VIAL,00:12.97,
2,MEMENTO,13.08,
3,TREE OF LIFE,13.96,
4,A PARTICULAR TASTE,14.29,
5,THE SPICE MUST FLOW,12.09,
6,"SHE LOVES ME, SHE LOVES ME NOT",14.18,
7,VON OBEN,11.76,
8,JUST ADD A SLICE OF LIME,14.51,
9,CONTRABAND TUNES,14.4,
10,THE HEART OF A FIGHTER,14.62,
11,THE LIE,15.39,
12,AURORIAN CUISINE,15.28,
13,STAY OUT OF SIGHT,13.19,
14,"RUN, JUST RUN",13.41,
15,"YOU CAN RUN, CAN YOU HIDE?",13.63,
16,CAMERAS AND DRONES,13.85,
17,DOGEN'S LATEST THING,11.32,
18,AN IMPATIENT MAN,11.43,
19,YOU KNOW THE DRILL,12.42,
20,DON'T GET DOGEN ANGRY,12.53,
21,"PRONTO, OK?",14.73,
22,THE ASSOCIATE'S SIDE DEAL,15.5,
23,"GAME OVER, RUNNER. GAME OVER.",15.06,
24,THE GREYLANDS IN NO TIME,15.17,
25,THE RAPOSA DATAGRAB,13.52,
26,UNDER SURVEILLANCE,13.74,
27,BUGGING WFYO,11.87,
28,PATTERNS,12.2,
29,A SMALL JOB FOR DOGEN,12.31,
30,THE HENCHMEN MEETUP,14.84,
31,A LECTURE FOR AN EXEC,14.95,
32,BLACK NOVEMBER SUPPLIES,15.61,
33,,,
34,,,
35,,,
36,,,
37,,,
38,,,
39,,,
40,,,
41,,,
42,,,
43,,,
44,,,
45,,,
46,,,
47,,,
48,,,
49,,,
50,,,
51,,,
52,,,
53,,,
54,,,
55,,,
56,,,
57,,,
58,,,
,,,
SIDE MISSIONS,,,
S1,,,
S2,,,
S3,,,
S4,,,
S5,,,
S6,,,
S7,,,
S8,,,
S9,,,
S10,,,
S11,,,
